Keyword,Volume,KD,CPC,Position (.com equity),Traffic,Intent,Assigned .us URL,Page Type,Gap,Priority,Cluster,Action,AI Overview,SERP Features
"birthday cake strain",4400,26,3.77,13,22,"informational",/product/birthday-cake,Product,N,High,Strain PDP,"Optimize PDP meta/H1/schema for strain query; ensure in sitemap",Y,"Sitelinks, Reviews, Video, People also ask, Related searches, AI overview"
"king louis xiii strain",3600,17,0,9,68,"commercial",/product/king-louis-xiii,Product,N,High,Strain PDP,"Optimize PDP meta/H1/schema for strain query; ensure in sitemap",N,"Image pack, Sitelinks, Reviews, Video, People also ask, Related searches"
"key lime pie strain",2900,8,0,3,69,"informational",/product/key-lime-pie,Product,N,High,Strain PDP,"Optimize PDP meta/H1/schema for strain query; ensure in sitemap",Y,"Reviews, Video, People also ask, Related searches, Discussions and forums, AI overview"
"dime cart",1900,17,2.74,1,1520,"commercial, navigational",/shop/vapes,Category,N,High,Carts,"Commercial hub exists — improve H1/meta/internal links; beginners pillar for dime cart",N,"Image pack, Sitelinks, Video, People also ask, Related searches | Hub deepened 2026-08-04 (cart/pen copy + beginners links)"
"vapes pink",1600,15,0,8,30,"informational",/product/pink-rose,Product,N,High,Strain PDP,"Optimize PDP meta/H1/schema for strain query; ensure in sitemap",Y,"Image pack, Video, People also ask, Related searches, AI overview"
"dime pen",1300,20,2.2,1,1040,"navigational",/shop/vapes,Category,N,High,Carts,"Commercial hub exists — improve H1/meta/internal links; beginners pillar for dime cart",N,"Image pack, Sitelinks, People also ask, Popular products, Related searches | Hub deepened 2026-08-04 (cart/pen copy + beginners links)"
"dime disposable",1300,18,2.79,1,1040,"navigational",/blog/dime-cart-vs-disposable,Blog,N,High,Disposables,"High-volume gap — need dedicated disposable landing (calendar) + cart-vs-disposable already helps",N,"Image pack, Sitelinks, Reviews, Video, People also ask, Related searches | Disposables landing + cart-vs-disposable"
"sour grapes strain",1300,12,0,3,57,"informational",/product/sour-grape,Product,N,High,Strain PDP,"Optimize PDP meta/H1/schema for strain query; ensure in sitemap",Y,"Sitelinks, Reviews, Video, People also ask, Related searches, AI overview"
"watermelon og",1300,6,3.85,5,45,"informational",/product/watermelon-og,Product,N,High,Strain PDP,"Optimize PDP meta/H1/schema for strain query; ensure in sitemap",N,"Image pack, Video, People also ask, Related searches"
"banana vape",1300,8,0,6,31,"informational, transactional",/product/banana-punch,Product,N,High,Strain PDP,"Optimize PDP meta/H1/schema for strain query; ensure in sitemap",N,"Knowledge panel, Image pack, Video, People also ask, Related searches"
"dimes disposable",1000,15,2.16,1,800,"commercial, navigational",/blog/dime-cart-vs-disposable,Blog,N,High,Disposables,"High-volume gap — need dedicated disposable landing (calendar) + cart-vs-disposable already helps",N,"Image pack, Sitelinks, Reviews, Video, People also ask, Related searches | Disposables landing + cart-vs-disposable"
"dime carts",1000,22,2.22,1,800,"navigational",/shop/vapes,Category,N,High,Carts,"Commercial hub exists — improve H1/meta/internal links; beginners pillar for dime cart",N,"Sitelinks, Video, Video Carousel, People also ask, Related searches | Hub deepened 2026-08-04 (cart/pen copy + beginners links)"
"grape sour strain",1000,8,0,4,44,"commercial",/product/sour-grape,Product,N,High,Strain PDP,"Optimize PDP meta/H1/schema for strain query; ensure in sitemap",N,"Sitelinks, Reviews, Video, People also ask, Related searches"
"sour grape strain",1000,10,0,5,30,"informational",/product/sour-grape,Product,N,High,Strain PDP,"Optimize PDP meta/H1/schema for strain query; ensure in sitemap",Y,"Sitelinks, Reviews, Video, People also ask, Related searches, AI overview"
"dime weed",720,29,0,1,576,"navigational",/shop/vapes,Category,N,High,Carts,"Commercial hub exists — improve H1/meta/internal links; beginners pillar for dime cart",N,"Image pack, Sitelinks, Reviews, Video, People also ask, Related searches | Hub deepened 2026-08-04 (cart/pen copy + beginners links)"
"blackberry og",720,6,0,2,95,"commercial",/product/blackberry-og,Product,N,Medium,Strain PDP,"Optimize PDP meta/H1/schema for strain query; ensure in sitemap",Y,"Reviews, Video, People also ask, Popular products, Related searches, AI overview"
"watermelon kush strain",720,18,0,3,46,"commercial",/product/watermelon-kush,Product,N,Medium,Strain PDP,"Optimize PDP meta/H1/schema for strain query; ensure in sitemap",N,"Reviews, People also ask, Related searches"
"vape pina colada",720,5,0,3,31,"informational",/product/pina-colada,Product,N,Medium,Strain PDP,"Optimize PDP meta/H1/schema for strain query; ensure in sitemap",N,"Image pack, Video, People also ask, Related searches"
"piña colada vape",720,3,0,3,31,"informational",/product/pina-colada,Product,N,Medium,Strain PDP,"Optimize PDP meta/H1/schema for strain query; ensure in sitemap",N,"Image pack, Video, People also ask, Related searches"
"bombsicle",720,8,0,3,31,"informational",/,Homepage,Partial,Medium,Brand,"Brand navigational — ensure home teaser + sitelinks targets",Y,"Sitelinks, Reviews, People also ask, Related searches, AI overview"
"vapes banana",720,5,0,4,21,"informational",/product/banana-punch,Product,N,Medium,Strain PDP,"Optimize PDP meta/H1/schema for strain query; ensure in sitemap",Y,"Image pack, Video, People also ask, Related searches, AI overview"
"peach kush strain",590,7,0,1,38,"commercial",/product/peach-kush,Product,N,Medium,Strain PDP,"Optimize PDP meta/H1/schema for strain query; ensure in sitemap",N,"Reviews, Video, People also ask, Related searches"
"banana punch",590,19,0,4,25,"informational",/product/banana-punch,Product,N,Medium,Strain PDP,"Optimize PDP meta/H1/schema for strain query; ensure in sitemap",Y,"Reviews, Video, Video Carousel, People also ask, Recipes, Popular products, Related searches, AI overview"
"dime battery",590,3,0,2,24,"commercial",/,Homepage,Partial,Medium,Brand,"Brand navigational — ensure home teaser + sitelinks targets",Y,"Video, Image, People also ask, Popular products, Related searches, AI overview"
"dime of weed",590,14,0,2,20,"informational",/shop/vapes,Category,N,High,Carts,"Commercial hub exists — improve H1/meta/internal links; beginners pillar for dime cart",Y,"Image pack, Sitelinks, Reviews, Video, People also ask, AI overview | Hub deepened 2026-08-04 (cart/pen copy + beginners links)"
"peach kush strain",590,7,0,2,20,"commercial",/product/peach-kush,Product,N,Medium,Strain PDP,"Optimize PDP meta/H1/schema for strain query; ensure in sitemap",N,"Reviews, Video, People also ask, Related searches"
"dime dispo",480,17,2.79,1,384,"navigational",/blog/dime-cart-vs-disposable,Blog,N,High,Disposables,"High-volume gap — need dedicated disposable landing (calendar) + cart-vs-disposable already helps",N,"Image pack, Sitelinks, Video, People also ask, Related searches | Disposables landing + cart-vs-disposable"
"dime pens",480,21,2.2,1,384,"navigational",/shop/vapes,Category,N,Medium,Carts,"Commercial hub exists — improve H1/meta/internal links; beginners pillar for dime cart",N,"Image pack, Sitelinks, Video, People also ask, Related searches | Hub deepened 2026-08-04 (cart/pen copy + beginners links)"
"dime thc las vegas",480,3,0,2,63,"commercial",/locations/nevada,Location,N,High,Local,"Strengthen local capsules + Maps CTAs; sync NAP when GBP live",N,"Sitelinks, Related searches | Nevada/LV local depth 2026-08-04"
"dime thc las vegas",480,3,0,4,31,"commercial",/locations/nevada,Location,N,High,Local,"Strengthen local capsules + Maps CTAs; sync NAP when GBP live",N,"Sitelinks, Related searches | Nevada/LV local depth 2026-08-04"
"mango diesel strain",390,6,0,1,96,"informational",/product/mango-diesel,Product,N,Medium,Strain PDP,"Optimize PDP meta/H1/schema for strain query; ensure in sitemap",Y,"Reviews, People also ask, Related searches, Discussions and forums, AI overview"
"dime 2g",390,5,2.33,2,51,"commercial",/shop/vapes,Category,N,Medium,Carts,"Commercial hub exists — improve H1/meta/internal links; beginners pillar for dime cart",Y,"Sitelinks, Video, People also ask, Popular products, Related searches, AI overview | Hub deepened 2026-08-04 (cart/pen copy + beginners links)"
"dime industries disposable",320,18,1.95,1,256,"informational, transactional",/blog/dime-cart-vs-disposable,Blog,Y,High,Disposables,"High-volume gap — need dedicated disposable landing (calendar) + cart-vs-disposable already helps",N,"Image pack, Sitelinks, Video, Video Carousel, People also ask, Related searches"
"dime industries rosin",320,10,0,1,256,"informational",/shop/vapes/rosin,Line,N,High,Rosin,"Rosin hub live — deepen intro + ship what-is-dime-rosin blog",Y,"Sitelinks, Reviews, Video, People also ask, Related searches, AI overview | Rosin hub + what-is-dime-rosin published"
"dime industries flower specials",320,9,0,1,35,"commercial, informational",/promotions,Marketing,Partial,Medium,Promotions,"Enrich /promotions with answer capsule + current offers; avoid thin promo spam",Y,"Sitelinks, People also ask, Related searches, AI overview | Soft flower path via /shop + prerolls; no invented SKUs"
"blackberry og strain",320,5,0,2,26,"commercial",/product/blackberry-og,Product,N,Medium,Strain PDP,"Optimize PDP meta/H1/schema for strain query; ensure in sitemap",N,"Image pack, Reviews, Video, People also ask, Related searches, Discussions and forums"
"blackberry og strain",320,5,0,1,21,"commercial",/product/blackberry-og,Product,N,Medium,Strain PDP,"Optimize PDP meta/H1/schema for strain query; ensure in sitemap",N,"Image pack, Reviews, Video, People also ask, Related searches, Discussions and forums"
"dime industries vapes deals",260,12,0,1,208,"informational",/promotions,Marketing,Partial,Medium,Promotions,"Enrich /promotions with answer capsule + current offers; avoid thin promo spam",Y,"Sitelinks, Reviews, Video, People also ask, Related searches, AI overview"
"dime industries vapes specials",260,16,0,1,208,"informational",/promotions,Marketing,Partial,Medium,Promotions,"Enrich /promotions with answer capsule + current offers; avoid thin promo spam",Y,"Sitelinks, Reviews, Related searches, AI overview"
"dime industries vape",260,11,0,1,64,"informational, transactional",/shop/vapes,Category,N,Medium,Carts,"Commercial hub exists — improve H1/meta/internal links; beginners pillar for dime cart",N,"Sitelinks, Video, Video Carousel, People also ask, Related searches | Hub deepened 2026-08-04 (cart/pen copy + beginners links)"
"dime industries vape",260,11,0,2,34,"informational, transactional",/shop/vapes,Category,N,Medium,Carts,"Commercial hub exists — improve H1/meta/internal links; beginners pillar for dime cart",N,"Sitelinks, Video, Video Carousel, People also ask, Related searches | Hub deepened 2026-08-04 (cart/pen copy + beginners links)"
"dime 2g disposable",260,9,2.18,2,34,"commercial",/blog/dime-cart-vs-disposable,Blog,Y,High,Disposables,"High-volume gap — need dedicated disposable landing (calendar) + cart-vs-disposable already helps",N,"Image pack, Sitelinks, People also ask, Related searches"
"dime industries pre-roll specials",260,16,0,2,21,"commercial, informational",/promotions,Marketing,Partial,Medium,Promotions,"Enrich /promotions with answer capsule + current offers; avoid thin promo spam",Y,"Sitelinks, People also ask, Related searches, AI overview | Prerolls hub + buying guide deepened"
"dime industries cartridges specials",260,8,0,2,21,"commercial, informational",/promotions,Marketing,Partial,Medium,Promotions,"Enrich /promotions with answer capsule + current offers; avoid thin promo spam",Y,"Sitelinks, Related searches, AI overview"
"dime industries cartridges deals",260,8,0,2,21,"commercial",/promotions,Marketing,Partial,Medium,Promotions,"Enrich /promotions with answer capsule + current offers; avoid thin promo spam",Y,"Sitelinks, Related searches, AI overview"
"dime industries flower deals",210,11,0,1,168,"informational, navigational",/promotions,Marketing,Partial,Medium,Promotions,"Enrich /promotions with answer capsule + current offers; avoid thin promo spam",Y,"Sitelinks, Reviews, People also ask, Related searches, AI overview | Soft flower path via /shop + prerolls; no invented SKUs"
"dime industries cartridges",210,17,3.36,1,168,"informational",/shop/vapes,Category,N,Medium,Carts,"Commercial hub exists — improve H1/meta/internal links; beginners pillar for dime cart",N,"Sitelinks, Reviews, Video, Video Carousel, People also ask, Related searches | Hub deepened 2026-08-04 (cart/pen copy + beginners links)"
"dime flavors",210,8,0,1,168,"navigational",/blog/best-dime-industries-flavors,Blog,Y,High,Flavors GEO,"Ship flavors guide (calendar 2026-08-05); link Signature hub",N,"Image pack, Sitelinks, Reviews, Video, Related searches"
"dime industries flower",210,11,0,1,168,"informational, navigational",/shop,Category,Partial,Medium,Flower,"Category thin or SKUs pending — calendar buying guides; don't invent flower catalog",Y,"Sitelinks, Reviews, Video, People also ask, Related searches, AI overview | Soft flower path via /shop + prerolls; no invented SKUs"
"dime dispensary",210,28,2.42,1,168,"commercial",/locations,Location,Partial,High,Local,"Strengthen local capsules + Maps CTAs; sync NAP when GBP live",N,"Local pack, Sitelinks, Video, People also ask, Related searches | Locations hub dispensary language"
"dime industries pre-roll",210,7,0,1,52,"informational",/shop/prerolls,Category,Partial,Medium,Prerolls,"Category thin or SKUs pending — calendar buying guides; don't invent flower catalog",Y,"Sitelinks, Video, Related searches, AI overview | Prerolls hub + buying guide deepened"
"forbidden apple strain",210,4,0,1,27,"informational",/product/forbidden-apple,Product,N,Medium,Strain PDP,"Optimize PDP meta/H1/schema for strain query; ensure in sitemap",Y,"Reviews, People also ask, Related searches, AI overview"
"dime thc",170,17,0,1,136,"navigational",/shop/vapes,Category,N,Medium,Carts,"Commercial hub exists — improve H1/meta/internal links; beginners pillar for dime cart",N,"Sitelinks, Video, People also ask, Related searches | Hub deepened 2026-08-04 (cart/pen copy + beginners links)"
"dime industries vapes",170,23,0,1,136,"navigational",/shop/vapes,Category,N,Medium,Carts,"Commercial hub exists — improve H1/meta/internal links; beginners pillar for dime cart",N,"Sitelinks, Reviews, Video, People also ask, Related searches | Hub deepened 2026-08-04 (cart/pen copy + beginners links)"
"weed dime",170,2,0,1,22,"informational",/shop/vapes,Category,N,Medium,Carts,"Commercial hub exists — improve H1/meta/internal links; beginners pillar for dime cart",Y,"Image pack, Sitelinks, Reviews, Video, People also ask, Related searches, AI overview | Hub deepened 2026-08-04 (cart/pen copy + beginners links)"
"grape limeade strain",170,8,0,2,22,"commercial",/product/grape-limeade,Product,N,Medium,Strain PDP,"Optimize PDP meta/H1/schema for strain query; ensure in sitemap",Y,"Reviews, Video, People also ask, Related searches, AI overview"
"dime disposables",140,15,2.16,1,112,"navigational",/blog/dime-cart-vs-disposable,Blog,N,High,Disposables,"High-volume gap — need dedicated disposable landing (calendar) + cart-vs-disposable already helps",N,"Sitelinks, Reviews, Video, People also ask, Related searches | Disposables landing + cart-vs-disposable"
"dime industries carts",140,16,1.7,1,112,"navigational",/shop/vapes,Category,N,Medium,Carts,"Commercial hub exists — improve H1/meta/internal links; beginners pillar for dime cart",N,"Sitelinks, Video, People also ask, Related searches | Hub deepened 2026-08-04 (cart/pen copy + beginners links)"
"dime dispos",140,16,2.16,1,112,"navigational",/blog/dime-cart-vs-disposable,Blog,N,High,Disposables,"High-volume gap — need dedicated disposable landing (calendar) + cart-vs-disposable already helps",N,"Sitelinks, Video, People also ask, Related searches | Disposables landing + cart-vs-disposable"
"dime vape",140,9,0,1,34,"informational",/shop/vapes,Category,N,Medium,Carts,"Commercial hub exists — improve H1/meta/internal links; beginners pillar for dime cart",N,"Sitelinks, Video, Video Carousel, People also ask, Related searches | Hub deepened 2026-08-04 (cart/pen copy + beginners links)"
"dimes pen",140,11,2.2,1,34,"commercial, navigational",/shop/vapes,Category,N,Medium,Carts,"Commercial hub exists — improve H1/meta/internal links; beginners pillar for dime cart",N,"Image pack, Sitelinks, Reviews, Video, Image, People also ask, Popular products, Related searches | Hub deepened 2026-08-04 (cart/pen copy + beginners links)"
"dime disposable pens",110,14,0,1,88,"navigational",/blog/dime-cart-vs-disposable,Blog,N,High,Disposables,"High-volume gap — need dedicated disposable landing (calendar) + cart-vs-disposable already helps",N,"Sitelinks, Video, People also ask, Related searches | Disposables landing + cart-vs-disposable"
"dime industries near me",110,20,2.05,1,88,"navigational, transactional",/locations,Location,Partial,High,Local,"Strengthen local capsules + Maps CTAs; sync NAP when GBP live",N,"Knowledge panel, Sitelinks, Related searches"
"dimes dispo",110,17,2.16,1,88,"navigational",/blog/dime-cart-vs-disposable,Blog,Y,High,Disposables,"High-volume gap — need dedicated disposable landing (calendar) + cart-vs-disposable already helps",N,"Sitelinks, Video, People also ask, Related searches"
"dime industries pen",110,11,0,1,88,"informational, navigational",/shop/vapes,Category,N,Medium,Carts,"Commercial hub exists — improve H1/meta/internal links; beginners pillar for dime cart",N,"Sitelinks, Video, Video Carousel, People also ask, Related searches | Hub deepened 2026-08-04 (cart/pen copy + beginners links)"
"dime weed pen",110,5,0,1,27,"informational",/shop/vapes,Category,N,Medium,Carts,"Commercial hub exists — improve H1/meta/internal links; beginners pillar for dime cart",N,"Image pack, Sitelinks, Reviews, Video, People also ask, Related searches | Hub deepened 2026-08-04 (cart/pen copy + beginners links)"
"pink rose dime",110,1,0,1,27,"informational",/product/pink-rose,Product,N,Medium,Strain PDP,"Optimize PDP meta/H1/schema for strain query; ensure in sitemap",N,"Image pack, Reviews, Image, People also ask, Related searches"
"dime cart flavors",110,7,0,1,27,"informational",/blog/best-dime-industries-flavors,Blog,N,High,Flavors GEO,"Ship flavors guide (calendar 2026-08-05); link Signature hub",Y,"Sitelinks, Video, People also ask, Related searches, AI overview | Hub deepened 2026-08-04 (cart/pen copy + beginners links)"
"dime industries flower near met",110,11,0,1,21,"informational, transactional",/locations,Location,Partial,High,Local,"Strengthen local capsules + Maps CTAs; sync NAP when GBP live",Y,"Reviews, Video, People also ask, Related searches, AI overview | Soft flower path via /shop + prerolls; no invented SKUs"
"dime disposable flavors",90,5,1.86,1,22,"informational",/blog/dime-cart-vs-disposable,Blog,N,High,Disposables,"High-volume gap — need dedicated disposable landing (calendar) + cart-vs-disposable already helps",Y,"Sitelinks, Reviews, Video, People also ask, Related searches, AI overview | Disposables landing + cart-vs-disposable"
"pink lemon haze dime",90,1,0,1,22,"informational",/product/pink-lemon-haze,Product,N,Medium,Strain PDP,"Optimize PDP meta/H1/schema for strain query; ensure in sitemap",N,"Reviews, Video, People also ask, Related searches"
"dime vape pens",90,9,0,1,22,"commercial",/shop/vapes,Category,N,Medium,Carts,"Commercial hub exists — improve H1/meta/internal links; beginners pillar for dime cart",N,"Sitelinks, Video, Video Carousel, People also ask, Related searches | Hub deepened 2026-08-04 (cart/pen copy + beginners links)"
"mint og strain",90,16,0,1,22,"informational",/shop/vapes,Category,Partial,Medium,Strain PDP,"Strain query without clear PDP — target Signature/Live Reserve hub + internal links",Y,"Reviews, Video, People also ask, Related searches, AI overview"
"2g dimes",90,6,0,1,22,"commercial",/shop/vapes,Category,N,Medium,Carts,"Commercial hub exists — improve H1/meta/internal links; beginners pillar for dime cart",Y,"Sitelinks, Video, People also ask, Related searches, AI overview | Hub deepened 2026-08-04 (cart/pen copy + beginners links)"
"berry white dime",90,0,0,1,22,"informational",/product/berry-white,Product,N,Medium,Strain PDP,"Optimize PDP meta/H1/schema for strain query; ensure in sitemap",N,"Image pack, Reviews, Video, People also ask, Related searches"
"dime vapes",90,11,0,1,22,"informational",/shop/vapes,Category,N,Medium,Carts,"Commercial hub exists — improve H1/meta/internal links; beginners pillar for dime cart",N,"Sitelinks, Video, Video Carousel, People also ask, Related searches | Hub deepened 2026-08-04 (cart/pen copy + beginners links)"
"dime watermelon kush",90,0,0,1,22,"informational",/product/watermelon-kush,Product,N,Medium,Strain PDP,"Optimize PDP meta/H1/schema for strain query; ensure in sitemap",N,"Sitelinks, Reviews, People also ask, Related searches"
"dime 2 gram disposable",90,5,2.83,1,22,"informational",/blog/dime-cart-vs-disposable,Blog,Y,High,Disposables,"High-volume gap — need dedicated disposable landing (calendar) + cart-vs-disposable already helps",N,"Sitelinks, Video, People also ask, Related searches"
"forbidden apple dime",90,0,0,1,22,"informational",/product/forbidden-apple,Product,N,Medium,Strain PDP,"Optimize PDP meta/H1/schema for strain query; ensure in sitemap",Y,"Sitelinks, Reviews, People also ask, Related searches, AI overview"
"cantaloupe dream dime",90,1,0,1,22,"informational",/product/cantaloupe-dream,Product,N,Medium,Strain PDP,"Optimize PDP meta/H1/schema for strain query; ensure in sitemap",Y,"Reviews, Video, People also ask, Related searches, AI overview"
"dime carts disposable",70,12,0,1,56,"navigational",/blog/dime-cart-vs-disposable,Blog,N,High,Disposables,"High-volume gap — need dedicated disposable landing (calendar) + cart-vs-disposable already helps",N,"Image pack, Sitelinks, Reviews, Video, People also ask, Related searches | Hub deepened 2026-08-04 (cart/pen copy + beginners links)"
"dime industries watermelon kush",70,6,0,1,56,"informational",/product/watermelon-kush,Product,N,Medium,Strain PDP,"Optimize PDP meta/H1/schema for strain query; ensure in sitemap",N,"Reviews, Video, People also ask, Related searches"
"dime industrys",70,26,3,1,56,"navigational",/shop/vapes,Category,N,Medium,Carts,"Commercial hub exists — improve H1/meta/internal links; beginners pillar for dime cart",N,"Sitelinks, People also ask, Related searches | Hub deepened 2026-08-04 (cart/pen copy + beginners links)"
"dime live resin",70,5,0,1,56,"navigational",/shop/vapes/live-reserve,Line,Partial,High,Live Reserve,"Live Reserve hub + explainer shipped — keep ranking copy aligned",N,"Image pack, Sitelinks, Video, People also ask, Related searches"
"dimes cart",70,10,1.92,1,56,"commercial, navigational",/shop/vapes,Category,N,Medium,Carts,"Commercial hub exists — improve H1/meta/internal links; beginners pillar for dime cart",N,"Image pack, Sitelinks, Video, Image, People also ask, Popular products, Related searches | Hub deepened 2026-08-04 (cart/pen copy + beginners links)"
"dime industries vapes blue diamond",50,12,0,1,40,"informational, navigational",/shop/vapes,Category,N,Medium,Carts,"Commercial hub exists — improve H1/meta/internal links; beginners pillar for dime cart",Y,"Sitelinks, Reviews, Video, People also ask, Related searches, AI overview | Hub deepened 2026-08-04 (cart/pen copy + beginners links)"
"dime cannabis",50,24,0,1,40,"navigational",/shop/vapes,Category,N,Medium,Carts,"Commercial hub exists — improve H1/meta/internal links; beginners pillar for dime cart",N,"Sitelinks, Video, People also ask, Related searches | Hub deepened 2026-08-04 (cart/pen copy + beginners links)"
"dimes weed",50,7,0,1,40,"navigational",/shop/vapes,Category,N,Medium,Carts,"Commercial hub exists — improve H1/meta/internal links; beginners pillar for dime cart",N,"Sitelinks, Video, People also ask, Related searches | Hub deepened 2026-08-04 (cart/pen copy + beginners links)"
"dime yart",50,11,1.92,1,40,"navigational",/shop/vapes,Category,N,Medium,Carts,"Commercial hub exists — improve H1/meta/internal links; beginners pillar for dime cart",N,"Image pack, Sitelinks, Video, People also ask, Related searches | Hub deepened 2026-08-04 (cart/pen copy + beginners links)"
"dime wax",50,23,1.87,1,40,"navigational, transactional",/shop/vapes,Category,N,Medium,Carts,"Commercial hub exists — improve H1/meta/internal links; beginners pillar for dime cart",N,"Image pack, Sitelinks, Video, People also ask, Popular products, Related searches | Hub deepened 2026-08-04 (cart/pen copy + beginners links)"
"www dime industries",40,29,0,1,32,"commercial, navigational",/,Homepage,Partial,Medium,Brand,"Brand navigational — ensure home teaser + sitelinks targets",N,"Sitelinks, Video, People also ask, Related searches"
"dime disposable pink rose",40,8,0,1,32,"informational",/product/pink-rose,Product,N,Medium,Strain PDP,"Optimize PDP meta/H1/schema for strain query; ensure in sitemap",N,"Image pack, Sitelinks, Reviews, Image, People also ask, Related searches | Disposables landing + cart-vs-disposable"
"dime industries cartridges blue diamond",40,12,0,1,32,"informational",/shop/vapes,Category,N,Medium,Carts,"Commercial hub exists — improve H1/meta/internal links; beginners pillar for dime cart",N,"Reviews, People also ask, Related searches | Hub deepened 2026-08-04 (cart/pen copy + beginners links)"
"dime industries pre-roll near me",40,18,0,1,32,"navigational, transactional",/locations,Location,Partial,High,Local,"Strengthen local capsules + Maps CTAs; sync NAP when GBP live",N,"Local pack, Reviews, People also ask, Related searches | Prerolls hub + buying guide deepened"
"www.dimeindustries",40,13,0,1,32,"navigational",/,Homepage,Partial,Medium,Brand,"Brand navigational — ensure home teaser + sitelinks targets",N,"Sitelinks, Video"
"dime industries wedding cake",40,7,0,1,32,"informational",/product/wedding-cake,Product,N,Medium,Strain PDP,"Optimize PDP meta/H1/schema for strain query; ensure in sitemap",Y,"Image pack, Reviews, People also ask, Related searches, AI overview"
"dime industries products",40,14,0,1,32,"navigational",/,Homepage,Partial,Medium,Brand,"Brand navigational — ensure home teaser + sitelinks targets",N,"Sitelinks, Video, People also ask, Related searches"
"dime industries price",40,29,0,1,32,"commercial, navigational",/,Homepage,Partial,Medium,Brand,"Brand navigational — ensure home teaser + sitelinks targets",N,"Sitelinks, People also ask, Popular products, Related searches"
"dime pens near me",30,16,2.13,1,24,"navigational, transactional",/locations,Location,N,High,Local,"Strengthen local capsules + Maps CTAs; sync NAP when GBP live",N,"Knowledge panel, Sitelinks, Reviews, Image, Related searches | Vapes hub targets dime pen 2026-08-04"
"dime disposable 2 gram",30,11,2.2,1,24,"informational",/blog/dime-cart-vs-disposable,Blog,N,High,Disposables,"High-volume gap — need dedicated disposable landing (calendar) + cart-vs-disposable already helps",N,"Sitelinks, Video, People also ask, Related searches | Disposables landing + cart-vs-disposable"
